1,Claudia,Rashad,6765 Vulputate Av.,05 92 66 56 28,lacus.Cras@sapiengravidanon.ca,ESN49MPF7WW,1,2018-04-09,2021-03-09
2,Sigourney,Armand,3617 Sed Road,09 39 18 19 91,non.feugiat.nec@elitpharetraut.ca,NNX57FYI3BU,0,2012-02-06,2021-01-21
3,Simone,Kiona,Ap #398-8562 Ac Ave,07 18 63 01 18,Nam.interdum.enim@risusNullaeget.ca,MDR48FUK6GU,1,2011-08-30,2021-02-01
4,Zia,Isadora,Ap #434-4403 Sem. Road,06 49 65 91 74,sem.Nulla@acliberonec.ca,JBE05OHM5CL,0,2008-06-04,2021-05-26
5,Joelle,Scott,767-432 Nonummy Ave,03 86 36 22 60,aliquet@antebibendum.co.uk,RUD82HIB9IE,1,2014-01-09,2021-05-15
6,Azalia,Stewart,"P.O. Box 534, 5513 Adipiscing. Ave",02 28 50 50 63,Pellentesque.ultricies@neque.edu,IBR71IAA4SN,1,2010-09-08,2021-05-12
7,Aphrodite,Ariel,"5328 Et, Rd.",02 09 49 68 35,nisi@Aliquamultrices.net,NIN48VJE4LA,0,2007-12-04,2021-04-27
8,Mari,Emma,2681 Posuere St.,05 79 07 10 64,tristique.senectus@imperdieterat.edu,TTS61YID7UR,0,2007-03-09,2021-06-13
9,Dane,Alfonso,Ap #426-9614 Non Av.,02 53 56 79 99,dui.augue.eu@urnaconvalliserat.net,DVN52BHX5VL,1,2011-07-28,2021-03-24
10,Joel,Alexander,Ap #200-806 Quam. Rd.,04 26 66 30 75,aliquam.adipiscing@enimdiam.edu,XFO48UGC2UF,0,2011-05-06,2021-05-12
11,Abel,Wynne,Ap #489-3805 Lectus Rd.,07 55 00 41 82,consequat.lectus.sit@arcu.org,TJC76EIY3WC,0,2017-01-30,2021-05-27
12,Lucius,Alexander,"P.O. Box 658, 7551 Libero Street",08 53 26 61 75,Donec.fringilla.Donec@utpellentesqueeget.edu,PFC28IQZ4EG,1,2008-12-18,2021-01-15
13,Willa,Akeem,404-9028 Euismod Street,07 00 62 16 50,auctor.quis@nec.co.uk,QRI26JWH4MB,0,2015-04-23,2021-05-31
14,Keely,Ezra,Ap #685-1107 Nonummy Ave,03 41 74 00 55,a.feugiat.tellus@in.edu,RYY26GNK6PA,0,2008-08-29,2021-01-11
15,Jennifer,Paloma,Ap #805-9026 Tellus Av.,06 13 58 95 91,in.aliquet.lobortis@semegetmassa.edu,KZW14ERN5AM,0,2012-02-17,2021-05-16
16,Iliana,Calvin,"P.O. Box 277, 2711 Urna. Road",01 45 95 01 18,elit.pede.malesuada@semconsequatnec.com,KRH42XXE1SG,0,2011-05-23,2021-02-09
17,Sawyer,Edan,"P.O. Box 951, 8734 Bibendum Street",01 45 68 77 89,bibendum@etrutrumeu.edu,TGV56PTL0EU,1,2020-10-29,2021-06-13
18,Noble,Nicholas,302-5264 Aenean St.,08 42 96 57 75,amet.luctus.vulputate@Morbiquis.net,RQP71HMC4EY,1,2020-01-30,2021-04-27
19,Joy,Quinn,"407-2932 Non, Ave",04 08 69 13 71,convallis@tinciduntadipiscingMauris.com,GOR65CLI8LO,1,2015-10-19,2021-05-04
20,Elijah,Brock,Ap #161-2087 Nec Rd.,08 62 25 44 96,Cras.convallis@tincidunt.ca,EPB74TZL6LQ,0,2011-12-07,2021-03-26
21,Karly,Bruno,"P.O. Box 649, 8860 Amet, St.",08 21 76 72 69,dictum.cursus@dolorFusce.co.uk,OXB82PSX8EF,1,2009-09-28,2021-05-28
22,Bevis,Avye,Ap #696-2734 Mauris Rd.,08 10 13 47 28,non.ante.bibendum@hendreritaarcu.org,ZZI95PPM9LM,1,2010-03-28,2021-05-05
23,Bert,Nasim,"P.O. Box 113, 7050 Feugiat St.",09 63 65 03 56,vitae@sapien.co.uk,QGN22KEY0AM,1,2014-08-25,2021-06-04
24,Blaine,Barclay,Ap #384-2553 Tortor Avenue,09 51 04 32 55,enim@parturientmontes.edu,NHU37PIS6XL,1,2007-03-17,2021-02-27
25,Xerxes,Serena,4731 Lacus. Street,07 32 22 97 33,eget@facilisis.co.uk,BOH46XGN5NR,1,2018-05-27,2021-02-15
26,Reed,Quail,226 Odio. Av.,06 72 75 88 77,lectus.Cum.sociis@non.org,UNB13DUM6BZ,0,2020-10-10,2021-03-07
27,Wade,Hoyt,3899 Posuere Avenue,03 22 90 34 75,odio@Cras.org,UOP56VHK4HX,0,2006-02-02,2021-03-06
28,Dakota,Garrison,7681 Etiam Rd.,06 49 41 14 71,et@vitaeodiosagittis.net,ABS02LQO9GF,1,2008-11-20,2021-06-14
29,Ronan,Shellie,"861-6437 Placerat, Rd.",01 07 71 34 56,orci@nonummyipsum.co.uk,SVK55PUG7PY,0,2010-05-20,2021-01-21
30,Hakeem,Kane,"P.O. Box 518, 680 Etiam Ave",06 25 18 99 23,justo@variusNamporttitor.net,RBQ55GLN6AK,0,2017-12-28,2021-02-05
31,Azalia,Audrey,476-3173 In Avenue,05 89 75 95 07,ipsum@nonummy.net,YLA91HNQ5EL,0,2012-04-13,2021-06-21
32,Elaine,Dieter,"Ap #580-8662 Sed, Ave",08 12 77 38 12,eros.Proin@ultricesa.ca,RSE82NBC3LV,1,2018-11-17,2021-05-28
33,Wang,Chantale,961-6891 Phasellus Ave,06 15 35 48 46,dui.Fusce.diam@Cum.co.uk,CZF62LIY7GA,1,2014-03-22,2021-02-21
34,Cadman,Olympia,Ap #162-1185 Est Street,02 60 93 72 08,rutrum.Fusce@at.org,FSA77QYE6HM,1,2007-09-27,2021-04-21
35,Magee,Aphrodite,686-2838 Phasellus St.,01 37 20 84 59,vulputate.lacus@sociosquadlitora.com,ZMI17VRA9XY,0,2010-10-20,2021-02-12
36,Petra,Phillip,"P.O. Box 517, 1418 Tellus. Av.",01 06 09 80 81,orci.Ut@inceptoshymenaeosMauris.net,IPK30NFL7NR,0,2006-08-03,2021-05-12
37,Macy,Kelsey,"P.O. Box 583, 657 Porttitor Rd.",09 90 99 79 63,mi@sodaleselit.co.uk,PID47OAT8DE,1,2014-07-01,2021-03-07
38,Madeson,Emerson,399-8619 Hendrerit Ave,09 81 35 77 80,nascetur.ridiculus@Sedid.ca,BYU33XKU4ZX,0,2015-12-14,2021-03-23
39,Kermit,Rana,514-3253 Dictum Av.,05 79 26 55 88,risus.Donec@vitae.net,WGV01SVA1CV,0,2005-09-01,2021-05-07
40,Jescie,Helen,6411 Natoque Ave,06 87 30 67 14,sapien.molestie@utpharetrased.net,LUV77VVW5GN,1,2008-03-30,2021-02-15
41,Veronica,Randall,9173 Vitae Rd.,02 64 95 03 72,interdum@quis.org,NLC94OJG1FR,0,2015-02-06,2021-01-13
42,Byron,Stacey,"P.O. Box 886, 1813 Felis, St.",08 26 48 07 10,eu.elit.Nulla@mollisInteger.org,YJQ08BNV8RH,0,2018-12-23,2021-03-18
43,Olivia,Adria,Ap #253-7957 Lectus Rd.,09 17 88 46 75,non.bibendum.sed@loremfringilla.co.uk,WWN65HCM4SL,0,2009-03-02,2021-01-19
44,Madeson,Neville,698-2184 Mi. Av.,05 87 11 49 10,convallis.erat@venenatisamagna.ca,ULB38AWG6IR,1,2017-12-17,2021-03-24
45,Allegra,Cullen,"P.O. Box 874, 204 Purus Street",05 20 69 50 67,molestie.dapibus.ligula@eusemPellentesque.org,ECX69WKR4NX,1,2006-11-24,2021-05-31
46,Zorita,Gannon,"P.O. Box 172, 530 Nullam Ave",04 29 64 42 17,nibh@et.org,MUF79YBJ0WN,0,2015-01-20,2021-05-07
47,Lucian,Garrison,"P.O. Box 389, 2181 Ligula. Road",04 08 76 76 87,sagittis.felis@necluctus.ca,AOM96RTQ1IE,0,2013-04-16,2021-06-02
48,Davis,Idona,7741 Aenean Road,07 86 11 54 53,quis.pede@arcuAliquamultrices.net,BBO35LWK2OL,0,2007-11-07,2021-04-14
49,Cyrus,Baxter,661-9378 Sed Road,08 71 66 16 19,Sed.diam.lorem@semconsequat.org,GTE23XYG0GI,0,2017-10-20,2021-01-11
50,Barrett,Rhiannon,Ap #122-919 Neque Street,01 97 68 88 01,sociis.natoque@Suspendissealiquet.edu,SIL16DYD3OB,1,2016-08-13,2021-06-18
51,Dane,Zena,938-9216 Tristique Rd.,09 56 08 72 13,quis.pede.Praesent@liberoestcongue.net,ILL68FSY4JD,1,2006-12-01,2021-06-05
52,Herman,Vernon,"P.O. Box 629, 779 Ac Street",03 30 77 17 57,eros@neceuismodin.edu,MJA84ILM4QB,0,2014-07-08,2021-05-08
53,Kevin,Fitzgerald,833-7105 Et Street,03 20 39 36 33,risus.Duis.a@congueturpisIn.edu,ZXM02GLJ6EC,0,2014-01-08,2021-04-29
54,Hedy,Madonna,"357-8646 Consectetuer, Street",09 93 32 22 73,Fusce.aliquam.enim@duiCraspellentesque.edu,BZK48EFU9NH,1,2019-07-12,2021-05-05
55,Molly,Kylee,Ap #918-5934 Lorem St.,07 15 24 20 36,vehicula.aliquet.libero@Quisqueac.co.uk,HKP39PBU2ZK,0,2007-09-15,2021-05-23
56,Amber,Signe,Ap #812-140 Egestas Rd.,09 55 07 16 55,ac@Aeneanegetmagna.edu,KYN38ULK1NU,0,2020-07-25,2021-01-14
57,Raphael,Zephania,344-1586 Malesuada Ave,02 20 68 97 82,tristique.pellentesque.tellus@temporlorem.co.uk,VKW73PTQ0PU,0,2011-01-30,2021-06-07
58,Aristotle,Heather,Ap #925-1580 Augue Av.,01 86 18 66 46,neque.et@tempor.com,WKW90ZYE2BS,0,2012-09-21,2021-06-24
59,Hillary,Bert,8903 Eros. Rd.,05 38 41 82 02,ultrices@aliquet.org,XCF92XUI4WC,1,2019-02-26,2021-05-26
60,Maya,Kenneth,Ap #367-1938 Vel Ave,09 42 55 54 39,libero@Morbi.com,HAV90UTJ7XB,1,2012-04-17,2021-04-24
61,Deanna,Dorian,"P.O. Box 832, 4860 Suspendisse Rd.",07 19 92 10 09,Duis.sit.amet@eratin.edu,HFI04DVT0KJ,0,2015-04-02,2021-05-04
62,Margaret,Wesley,Ap #942-1571 Dictum St.,01 61 83 95 24,lobortis@nisl.ca,FXG97EZK3AQ,0,2006-02-14,2021-04-08
63,Amanda,Armando,Ap #414-8461 Cras Rd.,09 76 36 89 86,metus@maurisipsum.ca,MCF64MOE0GZ,1,2020-04-16,2021-04-09
64,Felicia,Emily,Ap #366-2868 Lectus Road,09 32 71 23 82,tristique@purus.edu,RFI19JDZ2NQ,0,2005-12-15,2021-04-26
65,Brian,Amela,"P.O. Box 739, 8364 Ac Avenue",05 27 73 83 93,libero.Morbi.accumsan@Duis.net,ORF55KOP0SW,1,2014-06-22,2021-01-23
66,Melvin,Imelda,Ap #556-2816 Risus. Street,02 91 86 78 33,mattis.semper@luctuset.com,FXX10NQC6LZ,0,2005-09-21,2021-06-21
67,Samantha,Jillian,5777 Consectetuer St.,02 32 39 04 21,elit.Nulla.facilisi@sitamet.co.uk,GZH03DYS7DP,1,2015-06-18,2021-05-22
68,Willa,Charlotte,"9048 Cursus, Av.",02 54 05 32 27,arcu.Vivamus.sit@diam.ca,PUG16RDO8VU,0,2012-11-19,2021-06-18
69,Zena,Pandora,Ap #365-1370 Varius Rd.,04 46 89 14 52,aliquet@pulvinararcu.co.uk,PCL82XEI1XU,1,2020-01-23,2021-03-03
70,Lana,Callum,907-2692 Quam Rd.,04 80 12 68 03,Integer@sitamet.co.uk,PIX39ELT0UO,1,2006-05-09,2021-01-15
71,Mollie,Elmo,Ap #867-4562 Amet Rd.,04 92 34 80 56,vestibulum.lorem.sit@aliquet.org,ZIW69XEM3PT,0,2019-05-06,2021-01-10
72,Cheryl,Alexis,Ap #432-1041 Vulputate Rd.,01 75 39 02 00,lacus@scelerisquesed.ca,HMZ46WXK6II,1,2012-03-15,2021-04-01
73,Ima,Zachery,8305 Sed St.,04 22 36 21 17,egestas.Sed@ligulaelitpretium.net,BUV76KXG6WS,1,2020-05-20,2021-06-14
74,Cyrus,Donna,"Ap #681-2412 Id, Road",03 07 67 58 09,augue@necenimNunc.edu,PAM47FSM5TM,0,2019-11-06,2021-01-18
75,Maite,Elliott,"P.O. Box 757, 7142 Aliquet. Avenue",09 75 95 77 72,Aliquam.erat@ligula.edu,LNN15VSA0CL,1,2010-10-01,2021-06-08
76,Meghan,Chanda,Ap #501-6238 Condimentum Road,07 54 30 50 21,lorem@lacusQuisquepurus.net,JXP97WVV2EU,1,2009-08-24,2021-02-01
77,Cameron,Ray,Ap #649-5721 Amet Rd.,03 44 75 02 78,Maecenas.malesuada@ametloremsemper.edu,UXN22NIJ2WM,0,2015-05-17,2021-02-03
78,Brianna,Mark,9027 Augue Street,08 41 18 92 94,Proin@ac.ca,ZCS81WZC0PP,1,2018-07-12,2021-06-14
79,Fitzgerald,Rosalyn,"P.O. Box 708, 3674 Diam. Rd.",06 66 34 45 10,ac.orci@aliquet.com,MKV90RIX7XS,0,2006-01-15,2021-01-31
80,Erich,Flynn,Ap #152-1423 Maecenas Ave,06 71 27 23 30,lorem.auctor.quis@sagittisNullam.com,EBP18BRL8CQ,0,2016-11-09,2021-04-18
81,Adria,Damian,262-6840 Arcu Rd.,05 34 78 47 61,purus@vitaealiquam.com,QAN54GDN3CY,1,2009-09-27,2021-03-06
82,Iona,Bianca,823 Dui St.,07 71 51 71 69,ac.tellus@pharetra.net,EUH67TSX9ZK,0,2012-09-21,2021-05-06
83,Tate,Brennan,Ap #395-2800 Tempus Rd.,03 36 82 05 96,nisi@sem.co.uk,OHR26NEX1GH,0,2005-10-09,2021-01-23
84,Maggy,Emerson,1047 Sit St.,08 73 43 77 06,tellus@odio.org,MGG58OCZ4BY,1,2014-12-21,2021-03-06
85,Omar,Emerson,Ap #150-1488 Convallis Avenue,01 25 57 32 10,lacinia@euultricessit.org,QFP24ZHA5JC,0,2016-12-04,2021-01-28
86,Lyle,Jane,"1657 Elementum, Rd.",03 03 67 23 66,Vivamus.non.lorem@egetvolutpatornare.org,HRV92OJL7MY,1,2011-06-18,2021-04-28
87,Jack,Doris,316-1224 Libero. Street,02 82 86 47 38,molestie@egestasurna.org,SMA77MQP3QH,1,2018-07-07,2021-04-28
88,Jin,Lenore,4155 Quis St.,06 46 68 87 04,pede.Suspendisse.dui@idnuncinterdum.edu,IXO50BLA9QB,1,2013-02-18,2021-06-16
89,Jacob,Yen,114-8980 In Ave,04 72 15 58 12,aliquet@adipiscing.org,EOW16KJM2FW,1,2005-09-05,2021-06-02
90,Yoshi,Robin,"2303 A, St.",05 43 58 84 88,Fusce.mollis@ac.edu,VLY59CNF5PM,0,2009-10-21,2021-03-22
91,Mona,Gwendolyn,Ap #401-7151 Magna. Ave,07 62 41 63 59,urna.Ut.tincidunt@eratvitaerisus.org,QYI82OZY2WA,1,2011-05-17,2021-01-22
92,Emerald,Yuri,7310 Dignissim Ave,08 75 91 15 07,Donec.nibh.enim@tortordictumeu.edu,JOW70QAN8QJ,1,2020-09-24,2021-06-23
93,Giacomo,Lucian,477-1723 Nec St.,03 87 46 94 06,vulputate.nisi@dictum.edu,LOD05YCW3CG,0,2007-03-07,2021-05-27
94,Desiree,Brady,407-2447 Molestie St.,05 88 79 58 61,Cras@ut.org,USU37SXD4EU,0,2008-03-25,2021-04-28
95,Ezra,Zachery,804-557 Risus. Av.,02 23 56 04 09,Donec@semper.co.uk,JHX75SVR7QW,0,2017-07-24,2021-01-25
96,Dane,Justin,Ap #607-7751 Gravida Avenue,03 61 70 77 55,vel@orciquis.ca,EBX90IFK8FT,1,2010-07-28,2021-05-25
97,Diana,Lamar,652-785 A Ave,02 34 12 79 11,sed.sapien@Etiamlaoreet.edu,EKM81DQM6BP,1,2006-01-15,2021-01-24
98,Declan,Melyssa,320-4095 Vel Street,01 06 33 00 79,commodo.hendrerit@fermentumrisus.ca,MHA40XUK4DZ,1,2008-05-03,2021-05-19
99,Odessa,Caleb,4609 Aliquam Road,04 43 96 69 84,dictum.eu.placerat@miloremvehicula.ca,ATM84FGT4AZ,0,2008-10-21,2021-06-05
100,Raja,Colorado,Ap #927-4028 Rhoncus Avenue,08 45 36 95 60,at@Suspendissetristique.com,WIO90GKH7BE,1,2008-08-20,2021-04-24
